KazanJS 6,"Друзья, весенний KazanJS пройдет 1 марта в штабе в 19 часовКирилл Мокевнин, CTO Hextlet: Расскажет какие инженерные практики, оказывают наибольшее влияние на качество кода, скорость разработки и получение удовольствия от процесса. Даст рекомендации по профессиональному росту, как становится лучше и что для этого изучать.Дамир Камильянов и Артур Мирзин, Ак Барс Цифровые Технологии: Функциональное программирование в веб разработке: зачем и почему?- Жизнь до ФП подхода, проблемы и их решение- Жизнь с ФП, какие проблемы решает ФП, какие вносит- Практическое применение и современная реализация в веб разработкеАльберт Фазуллин, Flatstack - Погрузитесь в увлекательный мир UI тестирования в вебе. Разберет какие есть виды тестирования интерфейсов, сравнит популярные фреймворки и попробует разные подходы к тестированию.",1.03.2019,19:00 - 21:00 GMT+3,,https://www.meetup.com/ru-RU/KazanJS/events/259356150/
DevOps Meetup,"Возвращаемся после летнего перерыва с DevOps Meetup!Cпикеры:1. Рустам Ахметгалиев (Provectus)Тема: Зачем спринты Ops команде2. Юрий Кербицков (Ак барс Цифровые Технологии)Тема: Жил-был документРегистрация: http://expertfridays.com/meetups/devops-meetup-4/Пиво, пиццу и хорошее настроение гарантируем))",27.09.2019,19:00 - 21:00 GMT+3,"ШТАБ: Резиденция креативных индустрийул. Татарстан, 20 · Казань",https://www.meetup.com/ru-RU/Kazan-Expert-Fridays-Meetups/events/264790988/
Future Tech+ Finance Summit 2020,"Future Tech + Finance Summit 2020 - gives presents!On March 12, 2020 an international summit on the development of new financial markets, regulation, exchange liquidity and new investment areas will host in Moscow. The summit program will comprehensively reflect all relevant aspects of the development of the international finance market, technologies and startups in 2020. The speakers and partners of the summit are active market participants: the educational platform TO THE MOON, exchange liquidity provider Apifiny and crypto-processing Embily.Good news is that FTFS gives presents! Anyone can register on the page with the announced lots and leave a request, a decision will be made within two days. Lots are constantly replenished, there are meetings with speakers and a ticket to Paris for PWBSummit among them!FTFS is an international event that will bring together leaders of blockchain and finance market. The main task is to develop cooperation between participants, attract private and corporate capital in the field of new technologies. You can find more information about the program and participants on the website.Tickets can be purchased at a 80% discount thanks to TOTHEMOON partner (copy the promotional code and enter it when buying tickets).Specialized media, bloggers and authors of popular Telegram channels, professional investors, capital owners, bankers, entrepreneurs and active market participants working with blockchain technology are Among the forum participants.Event sponsors are:APINIFY is a distributed trading network that provides liquidity to exchanges, brokers/dealers.TO THE MOON PLATFORM - the first crypto-educational platform on the blockchain.FORUM WEBSITE: http://futuretechfinancesummit.orgCONTACTS:• for speakers&partners:Olga DvoretskayaEmail: dvoretskaya@cshp.сlubTelegram: @cryptoshark• for media partners:Tatyana MaksimenkoEmail: [masked]Telegram: @tattymax• for speakers & sponsors:Nikita VassyovEmail: [masked]Telegram: @nvassev• for media:Natalya ShustovaEmail: [masked]Telegram: @shustovanatalya",12.03.2020,10:00 - 17:00 GMT+3,Di TelegraphTverskaya St 7 · Moscow,https://www.meetup.com/ru-RU/Kazan-Blockchain-Meetup-Group/events/269000520/
Elixir MeetUp,"• What we'll doДрузья, рады открыть регистрацию на первый в этом году митап Expert Fridays!Мы решили начать с Elixir MeetUp, это будет первая встреча, посвященная данному языку программирования. Как всегда, мы обещаем интересные доклады, холивары, вкусную пиццу и крафтовое пиво! Будем рады видеть не только поклонников, но и противников Elixir! Давайте вместе делиться опытом по работе с сервисами и приложениями на базе Elixir!Организатор: компания ProvectusСпикеры:Николай Сверчков (Evil Martians) - Из Ruby в Elixir (и обратно): прагматичный взглядНикита Соболев (Wemake.services) - Ecto: просто о сложномХочешь поделиться опытом и интересными кейсами из практики?Заходи на сайт expertfridays.com и оставляй заявку в разделе “Хочу стать экспертом”http://expertfridays.com/meetups/elixir-meetup/Когда ждать Elixir MeetUp?2 марта 2018, в 19:00Вход свободный, регистрация уже открыта и обязательна для всех!http://expertfridays.com/meetups/elixir-meetup/Место встречи - Казань, ШТАБ, ул.Татарстан, 20За дополнительной информацией обращайся:Татьяна КовалеваE-mail: [masked]Skype: tkovaleva.1Тел: +7 (927)[masked]• What to bring• Important to know",2.03.2018,19:00 - 22:00 GMT+3,"ШТАБ: Резиденция креативных индустрийул. Татарстан, 20 · Казань",https://www.meetup.com/ru-RU/Kazan-Expert-Fridays-Meetups/events/247504838/
KazanJS 9,"KazanJS 9 пройдет 12 декабря в 19:00 в Штабе, ул Татарстан 20. Вход свободный⁃ Владимир Гриненко, Яндекс - История развития фронтенда в Яндексе за 10 лет⁃ Марат Фахреев, Revealbot - Vue.js - мои впечатления после года в продакшне⁃ Антон Заладинов, Аквелон - PWA: двигатель веба и бизнеса",12.12.2019,19:00 - 21:00 GMT+3,"ShtabUlitsa Tatarstan, 20А · Казань",https://www.meetup.com/ru-RU/KazanJS/events/266946654/
KazanJS 7,"Андрей Ситник, Злые Марсиане - Продвижение опенсорс-проектовСергей Савельев, Yandex - Как пройти собеседование в ЯндексРамиль Закиров, Diginavis - TypeScript на ультрахОлеся Лазарева, ICL - Популярные алгоритмы на JS",16.05.2019,19:00 - 22:00 GMT+3,"ShtabUlitsa Tatarstan, 20А · Казань",https://www.meetup.com/ru-RU/KazanJS/events/261107941/
Data Science Meetup,"• What we'll doJoin us at Data Science Meetup. We have prepared several reports, will be interesting and useful!▶ Speech #1Rustem Galiullin: Scrum at Data Science1. How to deliver a model within 2 weeks using machine learning cycle?2. User story decomposition by CRISP-DM3. Sprint review is a vital part to improve code readability and knowledge exchange among data scientists4. Sprint is a time boundary for model development5. Product backlog and sprints are the way to increase your value for other divisions▶ Speech #2Bulat Lutfullin: ML for content generation. How to generate a level for Hotline Miami 21. Pure random is still used in gamedev, while ML is able to generate tons of content2. What is a genetic algorithm? how can it be applied for level generation?3. Are there other machine learning methods for content generation?4. Do we really need ML in gamedev?▶ Speech #3Rinat Gareev: Scammer Detection on Crowdsourcing PlatformsMicrotask crowdsourcing is a trade-off between budget, speed of getting results and their quality. It is a popular approach to quickly build a training dataset for machine learning. There are standard quality assurance mechanics on crowdsourcing platforms but they still might leave an opportunity for scamming. In this presentation I will talk about our experience in improving scammer detection, how to estimate fairness and proficiency of contributors using unsupervised machine learning models✔ Language: RussianWhen?March, 18, 10:30 amFree admission, registration is required!Waiting for you in coworking GrowUp, Aivazovsky Str. 3aStill have questions? Write me!Tatyana KovalevaE-mail: [masked]Skype: tkovaleva.1Tel: +7 (927)[masked] (telegram)• What to bring• Important to know",18.03.2018,10:30 - 13:30 GMT+3,"Коворкинг ""Grow UP""ул. Айвазовского 3а · Казань",https://www.meetup.com/ru-RU/TechBar-Data-Science-Meetups/events/248217979/
TerraCrypto Kazakhstan Digital Mining and Cryptocurrencies: Trends 2020,"A forum on digital cryptocurrency mining will be held in Nur Sultan (Republic of Kazakhstan) on November 14, 2019.The TerraCrypto forum, well-known among the blockchain community, will come to Kazakhstan for the first time. The traditional values that the organizers broadcast in Moscow will be clearly represented in Nur-Sultan: internationality, openness and discussions, competing companies in the exhibition area, a real community that doesn’tend even after the end of the forum.Starting at 9 a.m., you will be able to consider mining and trading under enlarged glass in Rixos President Hotel. Stefan Rust (Bitcoin.com), Thomas Heller (F2Pool), Dong Yan (Matrixport), Gapparov Bekhzod (Okschain), Alexander Kalmykov (Gazpromneft), Yulia Fetisova (BITMAIN), Gleb Kostarev (Binance), Evgeny Galiakhmetov (Altergate ^) and other active market participants working with blockchain technology right now will fly to Nur Sultan to speak at TerraCrypto.At 20:00, dinner will be held with speakers for guests who have bought a VIP ticket. We will consider platforms for equipment placement; discuss the equipment itself; we’ll think about where to reinvest income, how to increase income through trading and how to work legally in the framework of the laws of the Republic of Kazakhstan, the Republic of Uzbekistan and the Russian Federation.TOP SPEAKERS:- Alex Ao co-founder INNOSILICON- Thomas Heller (F2Pool);- Dong Yan (Matrixport);- Edward Lu (SVP of Canaan)- Vincent Zhang (Global Sales Director Whatsminer)- Ryan Xu (Co-founder ViaBTC)Key issues of the forum:Industrial Mining. Home Mining. Equipment (old proven devices and newdevices). Mining Pools. Firmware (original and new). Repairs. What can be mined ""at home""? How and where to store all you’ve mined? Legal aspects of currency production in the Republic of Kazakhstan, the Republic of Uzbekistan, the Russian Federation. Return on investment in cryptocurrency mining. Currency exchange for fiat money in different jurisdictions of the world. How much does digital mining entrancecost now? Prospects of the Kazakhstan market in digital mining. Where to buy white equipment? How to check the equipment when buying? Is work with used device economically viable? How to choose a hosting for your equipment? How to pay taxes on extracted crypto assets?Reinvestment of income. Trading. Bidding strategies. How to build your growing asset portfolio? Cryptocurrency exchanges: security, trust, liquidity. How to make money on ICO/TSO/IEO? Where are the 2018’s Xs now? Black Swans Investment 2020. How to balance the investment portfolio? Index investments: how does a fiat financial instrument work in the digital world? Prospects for the Kazakhstan market. What isimportant for the investor (a round table on how the investor looks at the objects in which he invests)?Partner contact person:Nikita Vassyov | co-founder of Six Touches TeamPhone: [masked]Telegram: @NVassevEmail: [masked]Speaker contact:Ilya Ogurtsov | co-founder of Six Touches TeamPhone: [masked]Telegram: @o_ilyaEmail: [masked]Website: http://terracrypto.icuFb: @sixtouchesInsta: @terra_crypto",14.11.2019,09:00 - 19:30 GMT+3,Nur-Sultan · Nur-Sultan,https://www.meetup.com/ru-RU/Kazan-Blockchain-Meetup-Group/events/265929480/
TerraCrypto Moscow: Trends 2020,"On December 7, 2019, Moscow will host the final crypto event of this year - the Vth international forum of crypto currencies and digital mining.In the morning at the Art Moscow Hotel Voikovskaya we will discuss the development of the mining market and problems that should be solved jointly. Ryan Xu (ViaBTC Marketing Director), Fedor Egorov (Technical Director of Baikal Data Center LLC), Alexander Kalmykov (Head of Blockchain Technology Center, ITSK LLC, Gazpromneft PJSC), Alexey Trashcheev (Director of Sintez group company) and other active market participants working with blockchain technology today will fly to Moscow to speak at TerraCrypto.Forum partners: ViaBTC, SUEX, AmirCapital, ENEGIX, Leominig, BITMAIN, Binance.Unlike previous TC forums, there will be an additional room for considering trading at the V TERRACRYPTO forum. We will discuss which strategies work, which robots can actually make a profit, and which ones can cause a loss.There will also be a separate panel discussion with representatives of the largest exchanges, not only related to cryptocurrency, but also the traditional financial market. As a result of joint communication, we will try to identify promising algorithms and tools in the field of trading.Nikita Vassev, co-organizer of the TerraCrypto forum: «The forum in Moscow on December 7 is already a good and good tradition to get together the community and to sum up the 2019: Where is the industry going? What will happen after halving? How to work in the market? Where can I earn now? We expect about 430 participants who appreciate the format of specialized events in the cryptocurrency industry.»The forum is organized by SixTouches Team (6TT). Since 2018, there are 19 implemented business events, forums and conferences in Russia and the CIS countries on the account of 6TT. The central office is located in Kazan.Key forum questions:What will happen to mining after halving? Will it be possible to earn for home miners? What coins bring more profit to miners? We will discuss plans for 2020, halving, new blockchains, we will discuss new legal subtleties that will be introduced in 20 in different countries of the CIS and the world, we will talk about up-to-date equipment, about the appearance of large platforms with clear and transparent rules of the game, about creating a global Mining Map, about math of mining after halving, and much more!Forum site: https://terracrypto.icu/russiaFacebook: @sixtouchesInstagram: @terra_cryptoTwitter: @ terracrypto3Media Contact:Natalya Shustova | PR specialist Telegram: @shustovanatalya Email: [masked]Contact for partners:Nikita Vassev | co-founder of SixTouches Team Telegram: @NVassevEmail: [masked]Contact for speakers :Ilya Ogurtsov | co-founder of SixTouches Team Telegram: @O_ILYAEmail: [masked]",7.12.2019,09:00 - 19:00 GMT+3,Арт Москва ВойковскаяКосмонавта Волкова 6а · Москва,https://www.meetup.com/ru-RU/Kazan-Blockchain-Meetup-Group/events/266665813/
Scala MeetUp,"Пришло время собраться Scala-тусовкой на Expert Fridays!Это первый Scala MeetUp в Казани! Посмотрим, сколько у нас скалистов ;)Краткий обзор экспертов:🔥 Вадим Челышов, Scala Engineer : Все ненавидят SBT🔥 Алексей Фомкин, Scala Enthusiast : Воркшоп по «Королёву»Хочешь поделиться опытом и интересными кейсами из практики?Заходи на сайт expertfridays.com и оставляй заявку в разделе “Хочу стать экспертом”",13.04.2018,19:00 - 22:00 GMT+3,"ШТАБ: Резиденция креативных индустрийул. Татарстан, 20 · Казань",https://www.meetup.com/ru-RU/Kazan-Expert-Fridays-Meetups/events/249344892/
Go meetup номер 2^3,"ВНИМАНИЕ! Регистрация по ссылке: https://leader-id.ru/event/30350/Наш первый митап Go с удалёнными докладчиками!Этот формат развязывает нам руки и позволяет позвать докладчиков из других стран! ^^Присоединяйтесь к эксперименту. :)Доклады:* 14:00 Раздаём видео через Go, I/O-bound задачи - Илья Щербак (ВКонтакте, Санкт-Петербург)* 15:00 Поговорим об Open Source - Олег Ковалёв (Allegro, Варшава)* 16:00 Лучшие практики в Go и новости из 1.13 - Елена Граховац (n26, Берлин)После докладов вы сможете задать вопросы спикерам, мы постараемся устроить комфортные условия для общения.",13.10.2019,14:00 - 17:00 GMT+3,"Tochka Kipeniya - KazanPeterburgskaya St, 52 · Казань",https://www.meetup.com/ru-RU/GolangKazan/events/264886688/
Tech speaking club #golang,"Встреча в экспериментальном формате разговорного (дискуссионного) клуба.Мы будем сидеть в небольших группах и обсуждать предложенные темы. У каждого будет возможность послушать и высказаться. Кроме сурьёзных обсуждений будут предложены quiz'ы и развлекательные игры, и всё это с тематикой Go!Приходите если даже вы не знакомы с языком программирования Go!Ноутбуки брать с собой не обязательно, но с ними всегда веселее. :)P.S. - свои темы для обсуждения приносить разрешается, как и идеи для развлекательной программы. Формат очень свободный.",30.08.2019,19:00 - 21:00 GMT+3,"GrowUp Kazan коворкингUlitsa Ayvazovskogo, д.3 А · Казань",https://www.meetup.com/ru-RU/GolangKazan/events/264271531/
TechnoMeetsDroid X GDG,"Всем привет!GDG Kazan совместно с компанией «Технократия» приглашает вас на очередной митап по Андроиду. В неформальной обстановке будем обсуждать актуальные проблемы и тренды мира ИТ и разработки, а также слушать доклады от специалистов из индустрии. Давайте вместе развивать Казанское ИТ-коммьюнити!В программе три лекции от спикеров из индустрии, а также круглый стол на тему «Есть ли жизнь нативной разработке после релиза Фуксии?».Расписание:10:00 — Регистрация участников10:30 — Приветственные слова и немного о правилах проведения и планах.10:45 — Антон Казаков. Head of Android. Альфа Банк. «Как упростить код ревью с помощью Android Lint»11:45 — Артём Нуртдинов. Lead Android. Технократия. «Dive into RxJava 3. Changes and Migration issues.»12:45 — 13:45 — Перерыв на обед14:00 — Артур Бадретдинов. Tech Lead Manager . Vyng. «Как стать цифровым кочевником»15:00 — Дамир Фазуллин. Android Developer. SuperEgo. «Быстрая реализация экранов со списком»16:00 — 17:00 — Загит Талипов. Android Developer. Технократия. «Фриланс головного мозга, и как с этим жить»17:00–17:15 — Закрытие митапаРегистрируйся на мероприятие и приходи 14 марта в Телеграф Space на Пушкина 54/1.Регистрация по ссылке: https://technomeets.timepad.ru/event/1277552/",14.03.2020,10:00 - 17:30 GMT+3,"Телеграф SpacePushkin St, 54/1 · Казань",https://www.meetup.com/ru-RU/GDG-Kazan/events/269322144/
"Обсуждение конференций, митапов, а так же нововведений в Android 10","24 сентября, мы предлагаем встретиться в Антикафе Баклажан на Островского 21 в 19:00 по мск. В формате встречи-дискуссии обсудим конференции, митапы, участие в них в роли слуштаели и докладчика. Так же, пройдёмся по нововведениям в Android 10, к которым нам нужно подготовиться.Вам есть что рассказать, или интересно послушать коллег? Приходите, пообщаемся!",24.09.2019,19:00 - 21:00 GMT+3,"Ulitsa Ostrovskogo, 21Ulitsa Ostrovskogo, 21 · Казань",https://www.meetup.com/ru-RU/GDG-Kazan/events/264929880/
Fancy hats Go meetup,"Встречаемся в ноябре, обсудить разработку на Go и все, что с ним связано, а также пообщаться друг с другом, ведь мы не виделись целый месяц!На митап рекомендуется приходить в головных уборах. 🎩Расписание:* 18:00 - общаемся на открытии, берём стикеры, занимаем места.* 18:20 - (RU) Extending Python with Compiled Languages (Эмиль Шарифуллин, СКБ Контур, ex RedHat)Доклад о разработке библиотек для Python на других языках, а именно C и Go, что может не только ускорить Python приложение, но и позволит использовать существующие библиотеки других языков без их портирования.* 19:00 - (RU) Что нас ждёт в Go 1.14 (Матрёничев Дмитрий, Co-org SPb Go)Разберём, что появится нового, что изменится из старого.* 19:40 - небольшой перерыв.* 20:00 - (EN) Going Secure with Go (Natalie Pistunovich, Aerospike, Google Developer Expert for Go)In this talk, Natalie will discuss a broad range of aspects of Go application security by taking on writing secure code, dependency management and Docker images and containers security.",30.11.2019,18:00 - 21:00 GMT+3,"Pushkin St, 54Pushkin St, 54 · Казань",https://www.meetup.com/ru-RU/GolangKazan/events/266534841/
Microservices MeetUp,"Мы не могли пройти мимо этой актуальной темы и решили нашу следующую встречу полностью посвятить микросервисам!Что это такое? Как начать их использовать? Какие проблемы могут возникнуть и как их решить? - наши эксперты помогут разобраться в этом и поделятся своим практическим опытом.Организатор: компания ProvectusСпикеры:Эдуард Даутов (Software Engineer at Provectus): Скоринг ML моделей в микросервисной архитектуреДмитрий Петухов (Software Engineer at Provectus): Микросервисы на практике. Начало.Когда ждать Microservices MeetUp?20 октября 2017, в 19:00Вход свободный, регистрация уже открыта и обязательна для всех!http://expertfridays.com/meetups/microservices-meetup/Место встречи - Казань, ШТАБ, ул.Татарстан, 20За дополнительной информацией обращайся:Татьяна КовалеваE-mail: [masked]Skype: tkovaleva.1Тел: +7 (927)[masked]",20.10.2017,19:00 - 22:00 GMT+3,"ШТАБ: Резиденция креативных индустрийул. Татарстан, 20 · Казань",https://www.meetup.com/ru-RU/Kazan-Expert-Fridays-Meetups/events/244369098/
Второй OpenStack Meetup в Казани,"19 октября 2017 приглашаем всех в Казань на проведение OpenStack Meetup !Участие бесплатное !Обсудим последние новшества в экосистеме OpenStack, познакомимся с российскими решениями на его основе, с опытом компаний по его внедрению и поддержке, а так-же отметим 7-ми летие OpenStack!Темы выступлений:14:15 Илья Алексеев: ""Приветственное слово, рассказ о актуальной ситуации в Foundation и сообществе""14:40 Радик Юсупов: ""Обучение OpenStack. Что происходит с рынком, кому и какие специалисты нужны?""15:10 Владимир Ливинский (ТИОНИКС): ""Практика внедрение OpenStack в сегменте B2G. Опыт ТИОНИКС""16:00 Максим Боженко (Hystex): ""OpenStack как облако для Disaster Recovery""16:30 Евгений Вайнштайн (Canonical): ""FaaS и что с этим делать""17:00 Круглый стол. Будем обсуждать трудности, опыт с OpenStack и Ceph.Планируется:• Youtube-трансляция с созданением записей выступающих. Все ссылки будут скидываться в чат OpenStack Russia в телеграме.",19.10.2017,14:00 - 18:45 GMT+3,"Коворкинг ""Grow UP""ул. Айвазовского 3а · Казань",https://www.meetup.com/ru-RU/OpenStack-Russia-Kazan/events/243518457/
Первый OpenStack Meetup в Казани,"21 апреля 2016 приглашаем всех в Казань на проведение OpenStack Meetup !Участие бесплатное !Обсудим последние новшества в экосистеме OpenStack, познакомимся с российскими решениями на его основе, с опытом компаний по его внедрению и поддержке.Программа выступлений:• Илья Алексеев, координатор сообщества OpenStack Russia: Приветственное слово, последние новости OpenStack Foundation.• Радик Юсупов, руководитель проекта ТИОНИКС (спонсоры митапа): OpenStack и модули ТИОНИКС• Владимир Главчев, управляющий директор SUSE в РФ и странах СНГ (спонсоры митапа): OpenStack - ключевой компонент программно-реализуемых ЦОД• Дмитрий Малин, генеральный директор ASD Tech: Биллинг в OpenStack• Андрей Маркелов, старший менеджер по архитектуре компании Ericsson: OpenStack для Telco Cloud. SDN/NFV - будущее сетевых технологий• Обсуждение планов работы сообщества OpenStack Kazan, выборы координатора сообщества OpenStack KazanВсе участники получат памятные футболки митапа !Во время митапа предусмотрены 3 кофе-брейка с легкой закуской (в начале, в середине и в конце). По завершении митапа можно будет продолжить свободное общение в ресторанах и барах отеля ""Мираж"".Митап проходит в день открытия конференции ISDEF (http://2016s.isdef.org)Спонсоры митапа: ТИОНИКС (http://tionixlabs.ru), SUSE (http://www.suse.com) (Micro Focus)По всем вопросам к организаторам можно обращаться по адресу: [masked]",21.04.2016,13:00 - 18:45 GMT+3,"отель Мираж, Малый бальный залул. Московская, 5 · Казань",https://www.meetup.com/ru-RU/OpenStack-Russia-Kazan/events/225176497/
Нижний в Казани Go meetup,"Встречаемся в Июле для обсуждения разработки на Go.Вас ждут несколько спикеров из Нижнего Новгорода, которые используют Go в рабочей практике.Программа:* Доклад 1. ""Хэш таблицы в Go: детали реализации"" - Дарья Колистратова (RetailNext).* Доклад 2. ""GORM головного мозга"" - Мария Булатова.* Перерыв, networking.* Доклад 3. ""Как начать экспериментировать с машинным обучением в Go"" - Алексей Павлюков.* afterparty. (Если вам интересно, не торопитесь убегать после официальной части.)",27.07.2019,16:00 - 19:00 GMT+3,"Ulitsa Tatarstan, 20Ulitsa Tatarstan, 20 · Казань",https://www.meetup.com/ru-RU/GolangKazan/events/263197015/
Techno Meets Droid X GDG,"Привет. Ты на странице серии митапов TechnoMeets от компании «Технократия». Первый митап посвящен android-разработке. В программе три лекции от спикеров из индустрии, а также круглый стол на тему «Есть ли жизнь нативной разработке после релиза Фуксии?».Основная регистрация здесь: https://technomeets.timepad.ru/event/1277552/Митап проводится при поддержке GDG Kazan.Расписание:10:00 — Регистрация участников10:30 — Приветственные слова и немного о правилах проведения и планах.10:45 — Антон Казаков. Head of Android. Альфа Банк. «Как упростить код ревью с помощью Android Lint»11:45 — Артём Нуртдинов. Lead Android. Технократия. «Dive into RxJava 3. Changes and Migration issues.»12:45 — 13:45 — Перерыв на обед14:00 — Загит Талипов. Android Developer. Технократия. «Фриланс головного мозга, и как с этим жить»15:00 — Нетворкинг участников / Тайный гость16:00 — 17:00 — Круглый стол на тему: «Есть ли жизнь нативной разработке после релиза Фуксии?»17:00–17:15 — Закрытие митапаРегистрируйся на мероприятие и приходи 14 марта в Телеграф Space на Пушкина 54/1.",14.03.2020,10:00 - 18:00 GMT+3,"Телеграф SpacePushkin St, 54/1 · Казань",https://www.meetup.com/ru-RU/Techno-Meets/events/269207684/
Data Science Meetup,"Не пропусти, это заключительный Data Science Meetup этого года!Вас ждут:— практические примеры работы на хакатонах и кэггле с time series— краткий экскурс в методы анализа рентгена— обзор последних разработок в области text-to-speech— обмен опытом, новые проекты— позитивный нетворкинг, горячий чай/кофе и много вкусностей.Cпикеры:— Юрий Гаврилин (Provectus), который расскажет про time series— Ильяс Сиразитдинов (Лаборатория анализа медицинских изображений, Университет Иннополис) с темой “Анализ рентгена грудной полости методами машинного обучения и глубокого обучения”— Ленар Габдрахманов (Provectus), который поделится с нами разработками в области Speech synthesis.Вход свободный по предварительной регистрацииСсылка на регистрацию:https://provectus.com/events/#kazan-data-science-meetupОстались вопросы? Напиши мне!Надежда Князеваtelegram [masked]",9.12.2018,10:30 - 13:30 GMT+3,"Коворкинг ""Grow UP""ул. Айвазовского 3а · Казань",https://www.meetup.com/ru-RU/TechBar-Data-Science-Meetups/events/256712259/
InvestMe,"InvestMe — это сообщество частных инвесторов и основателей бизнеса объеденных для реализации перспективных проектов и идей.План мероприятия:1. Инвестору. 18:30 — 19:30.- Международная методология отбора инвестиционных проектов с перспективой кратного роста, какие шесть факторов нужно знать о проекте перед входом в сделку?- Как защитить свои инвестиции? Юридическое оформление инвестиционных сделок.- Как встраивать инвестиции в свой финансовый план?2. Проекту. 19:30 — 21:00- Презентация проекта перед частными инвесторами и фонадми;- Обратаня связь экспертов по проекту.Форма на питч проекта: https://forms.gle/LBfJxYNamGJGyN3z8Проекты.1. Маркетинговая платформа для создания автоворонок продаж в мессенджерах, с помощью которых можно минимум в 2 раза снизить стоимость привлечения клиента, автоматизировать продажи2. Анимационная студия, Монетизация детских мультфильмов через ютуб и др площадки с доходом свыше 100% годовых3. Сеть магазинов по продаже детской одежды, обуви и игрушек, работающая в эконом-сегменте4. Сеть магазинов по продаже сыра с среднем и средний+ сегменте5. Повышение качества перевозок путем анализа и мониторинга логистических процессов, задача комплекса которого является обеспечения своевременной доставки грузов, сокращения финансовых издержек, предотвращение порчи и хищения груза за счет внедрения системы мониторинга.6. Fleur Femme — агрегатор модных, бутиков будет специализироваться на маленьких независимых бутиках, продающих женские вещи, аксессуары",7.11.2019,18:30 - 21:00 GMT+3,Агенство Инвестиционного Развитияулица Агрономическая 11 · Казань,https://www.meetup.com/ru-RU/Kazan-Blockchain-Meetup-Group/events/266217291/
Питч-сессия InvestMe,"InvestMe — это сообщество частных инвесторов и основателей бизнеса объеденных для реализации перспективных проектов и идей.План мероприятия:1. Инвестору. 18:30 — 19:30.- Международная методология отбора инвестиционных проектов с перспективой кратного роста, какие шесть факторов нужно знать о проекте перед входом в сделку?- Как защитить свои инвестиции? Юридическое оформление инвестиционных сделок.- Как встраивать инвестиции в свой финансовый план?2. Проекту. 19:30 — 21:00- Презентация проекта перед частными инвесторами и фонадми;- Обратаня связь экспертов по проекту.Форма на питч проекта: https://forms.gle/LBfJxYNamGJGyN3z8Проекты.1. Маркетинговая платформа для создания автоворонок продаж в мессенджерах, с помощью которых можно минимум в 2 раза снизить стоимость привлечения клиента, автоматизировать продажи2. Анимационная студия, Монетизация детских мультфильмов через ютуб и др площадки с доходом свыше 100% годовых3. Сеть магазинов по продаже детской одежды, обуви и игрушек, работающая в эконом-сегменте4. Сеть магазинов по продаже сыра с среднем и средний+ сегменте5. Повышение качества перевозок путем анализа и мониторинга логистических процессов, задача комплекса которого является обеспечения своевременной доставки грузов, сокращения финансовых издержек, предотвращение порчи и хищения груза за счет внедрения системы мониторинга.6. Fleur Femme — агрегатор модных, бутиков будет специализироваться на маленьких независимых бутиках, продающих женские вещи, аксессуары",7.11.2019,18:30 - 21:00 GMT+3,Агентство Инвестиционного Развитияулица Агрономическая 11 · Казань,https://www.meetup.com/ru-RU/Kazan-Blockchain-Meetup-Group/events/266217346/
Android Developers Meetup,"Соскучились по нам? А вот и мы, скоро новый митап! 🔥❓Когда? 6 марта 2020 (пятница)❓Во сколько? Начало ровно в 19:00❓До скольки? Закончим примерно в 21:30❓Где? Офис компании ""Супер Эго"" (Кремлёвская, 21)* Пост с подсказкой, как туда добраться 👇🏻https://vk.com/gdgkazan?w=wall-119719934_535* P.S. Да-да, прошлый митап тоже был там)❓КАКИЕ БУДУТ ДОКЛАДЫ?1. Андрей Данилов @ Avitoрасскажет об Организации и инфраструктура дизайн-системы Avito2. Дмитрий Гордин @ Innopolis Universityрасскажет о том, на какие проблемы можно натолкнуться, работая с нейросетями в Андроиде3. Раиль Камалов @ АБЦТрасскажет о том, как они реализовали архитектуру, основанную на уходе от полного событийного программирования в сторону on-demand events, и что из этого вышлоВторой и третий доклады уточняются💡МЫ ЗНАЕМ, ТЕБЕ ЕСТЬ О ЧЁМ РАССКАЗАТЬЛюбой желающий может подготовить доклад связанный с Android, IT, Soft Skills или о чем-нибудь еще, и рассказать его.Присоединяйтесь к команде докладчиков, пишите организаторам GDG (Telegram: @gaket )🔥Увидимся на митапе!🔥",6.03.2020,19:00 - 22:00 GMT+3,"Kremlyovskaya St, 21Kremlyovskaya St, 21 · Казань",https://www.meetup.com/ru-RU/GDG-Kazan/events/269059337/
InvestMe,"InvestMe — это сообщество частных инвесторов и основателей бизнеса объеденных для реализации перспективных проектов и идей.План мероприятия:1. Инвестору. 18:30 — 19:30.- Международная методология отбора инвестиционных проектов с перспективой кратного роста, какие шесть факторов нужно знать о проекте перед входом в сделку?- Как защитить свои инвестиции? Юридическое оформление инвестиционных сделок.- Как встраивать инвестиции в свой финансовый план?2. Проекту. 19:30 — 21:00- Презентация проекта перед частными инвесторами и фонадми;- Обратаня связь экспертов по проекту.Форма на питч проекта: https://forms.gle/LBfJxYNamGJGyN3z8Проекты.1. Маркетинговая платформа для создания автоворонок продаж в мессенджерах, с помощью которых можно минимум в 2 раза снизить стоимость привлечения клиента, автоматизировать продажи2. Анимационная студия, Монетизация детских мультфильмов через ютуб и др площадки с доходом свыше 100% годовых3. Сеть магазинов по продаже детской одежды, обуви и игрушек, работающая в эконом-сегменте4. Сеть магазинов по продаже сыра с среднем и средний+ сегменте5. Повышение качества перевозок путем анализа и мониторинга логистических процессов, задача комплекса которого является обеспечения своевременной доставки грузов, сокращения финансовых издержек, предотвращение порчи и хищения груза за счет внедрения системы мониторинга.6. Fleur Femme — агрегатор модных, бутиков будет специализироваться на маленьких независимых бутиках, продающих женские вещи, аксессуары",7.11.2019,09:00 - 18:00 GMT+3,Агентство Инвестиционного Развитияулица Агрономическая 11 · Казань,https://www.meetup.com/ru-RU/Kazan-Blockchain-Meetup-Group/events/266217073/
Google IO Extended Kazan,"Мы приглашаем вас на митап, посвящённый Google IO. В программе - общение, расширение кругозора и хорошее настроение. Несколько докладов о разработке под андроид, круглый стол о новостях с Google IO и изменениях последних версий Android OS.Наши партнёры из АБЦТ предоставят нам удобную площадку, и Раиль Камалов, Ведущий Андроид Разработчик, выступит с темой ""Навигация по полочкам, пишем свой Wizard"".Подолжит Тимур Валиев, Аквелон, с темой ""Упрощаем построение экранов с Epoxy"".Есть что рассказать? Пишите, добавим в программу :)",27.06.2019,19:00 - 21:00 GMT+3,"Центр развития Ак Барс Банка, центральный входул. Галиаскара Камала, 41 · Казань",https://www.meetup.com/ru-RU/GDG-Kazan/events/262440011/
Go Study Innopolis Lesson 3,"GDG Cloud Innopolis при поддержке Avito.tech феврале 2020 проводит вводный курс в Go в Иннополисе.На третьем занятии разберём функции и указатели.Курс подойдёт для тебя если давно хотел познакомиться с языком, но всё никак не доходили руки. Мы ориентируемся больше на новичнов, но если ты имеешь за плечами опыт программирования и просто хочешь узнать о Go, то приходи тоже.Курс состоит из 6 занятий, которые будут проходить раз в неделю - в четверг с 18:30 до 20:00.Занятия проведут: Эмиль Шарифуллин (senior-разработчик команды Moira в компании Контур, экс-разработчик RedHat)и Алик Хилажев (backend-разработчик, KazanExpress)Для активных участников приготовлены крутые подарки, так что это не только отличная возможность прокачаться свои знания языка, но и приятные подарки.Не забудь взять с собой ноутбук и зарядное утройство!",20.02.2020,18:30 - 20:00 GMT+3,Innopolis · Innopolis,https://www.meetup.com/ru-RU/GDG-Cloud-Innopolis/events/268773574/
Speedrun #2: Kubernetes in the Google Cloud,"👋 Всем привет!⚡️В феврале проходит Community Speedrun Challenge.У вас есть возможность присоединиться к конкурсу, который проходит в сотрудничестве с Google Developers Group, Developer Student Clubs и другими техническими сообществами в Европе. Вы можете получить знания и практический опыт работы в различных темах, набирая очки и выигрывая призы. Всего будет четыре Speedrun`a.⚡️Speedrun - это игра, основанная на Qwiklabs, которая включает в себя различные лаборатораторные, которые нужно пройти как можно быстрее, чтобы набрать очки и попасть в таблицу лидеров.⚡️Если ты никогда не использовал платформу Qwiklabs и не был на наших Study Jam, то ничего страшного. Для тебя есть хорошие новости: каждый Speedrun начинается с вебинара, проводимого тренером Googler, чтобы вы могли ознакомиться с платформой. После вебинара у вас есть одна неделя, чтобы как можно быстрее выполнить все лабораторные работы в SpeedRun (вы можете попробовать каждую лабораторную работу пять раз).⚡️Для кого это онлайн обучение?Как вебинары, так и лабораторные занятия в Speedrun спроектированы так, чтобы как новички, так и более продвинутые пользователи могли получать удовольствие от обучения. Они включают в себя все необходимые объяснения, чтобы каждый мог сделать это в своем темпе.⚡️Как это работает?Каждый Speedrun начинается в понедельник и начинается с вебинара тренера Google [masked] (МСК)). Speedrun открыт до воскресенья той же недели, чтобы дать вам возможность закончить все лаборатории в лучшее время.⚡️Кроме того.Все участники получат месячную бесплатную подписку на Qwiklabs и получат значок за каждый выполненный ими Speedrun.Топ 5 каждого Speedrun получат ваучер на $ 25 для магазина товаров GoogleЛучший победитель каждого Speedrun получает дополнительный ваучер на $ 50 для магазина товаров Google.⚡️Сегодня второй Speedrun. Введение в Kubernetes в облаке.Speedrun #2: Kubernetes in the Google Cloud☁️Какие темы разбирают: Kubernetes Engine: Qwik Start, Introduction to Docker, Orchestrating the Cloud with Kubernetes, Managing Deployments Using Kubernetes Engine☁️Сроки сдачи: 10-16 Февраля☁️Вебинар проведет Sam Marder (Google)☁️Когда: 10th,[masked] (GMT+01)☁️Лабораторная: Kubernetes Engine: Qwik StartПодробности и регистрация по ссылке https://events.withgoogle.com/communityspeedrunchallenge/GDG: t.me/gdgcloudinnopolis",10.02.2020,"10:00 - воскресенье, 16 февраля 2020 г., 00:00 GMT+3",,https://www.meetup.com/ru-RU/GDG-Cloud-Innopolis/events/268598388/
Kazan.rb meetup #1,"Даем старт неформальным встречам Ruby-разработчиков от независимого сообщества Kazan.rb.Ничего не планируйте на 19 апреля и приходите в ИТ-парк! В дружеской ИТ-обстановке мы поговорим про Ruby, обсудим последние новости и накидаем тем для следующих встреч.Программа встречи:* Микросервисы (Леонид Динерштейн)* Рельсы в докере (Антон Тараев)* Как мы деплоили через opsworks (Дмитрий Трагер)Но это еще не все, вечер продолжится afterparty в баре «Соль».Участие бесплатное, но обязательна предварительная регистрация!Не забудьте взять с собой паспорт или водительские праваВсем Ruby!",19.04.2017,19:00 - 22:00 GMT+3,"IT-Park Peterburgskaya, 52 · Казань",https://www.meetup.com/ru-RU/group-kazan-rb/events/238948081/
QA Meetup,"7 июня мы снова встретимся вместе на QA Meetup💥Спикеры:- Алексей Чумагин (Provectus)Тема: Selenoid: Запуск UI тестов без боли- Ильгам Шакиров (Provectus)Тема: Обзор популярных облачных CI/CD сервисов для контейнеризованных приложенийНачало: в 19:00Место проведения: Резиденция креативных индустрий ШТАБ (Татарстана, 20а)Зарегистрироваться на событие и задать вопросы можно по ссылке: expertfridays.com",7.06.2019,19:00 - 21:00 GMT+3,"ШТАБ: Резиденция креативных индустрийул. Татарстан, 20 · Казань",https://www.meetup.com/ru-RU/Kazan-Expert-Fridays-Meetups/events/261827543/
Java MeetUp,"💡 Настало время провести первый MeetUp этой осени! И он будет посвящен JAVAВход свободный, регистрация уже открыта и обязательна для всех!👉 http://expertfridays.com/meetups/java-meetup-2/Спикерами выступят :Дмитрий Исаев: «Приложения на akka или как болеть геморроем»Алексей Завьялов: «Spring 5 and reactive microservices. The beginning»🙌 Мы ищем спикеров, присоединяйся к нам! Просто заполни форму на сайте и мы с тобой свяжемся 😉http://expertfridays.com/meetups/java-meetup-2/Когда ждать Java MeetUp?2 ноября 2018, в 19:00Место встречи - Казань, ШТАБ, ул.Татарстан, 20За дополнительной информацией обращайся:Татьяна КовалеваE-mail: [masked]Skype: tkovaleva.1Тел: +7 (927)[masked]",2.11.2018,19:00 - 22:00 GMT+3,"ШТАБ: Резиденция креативных индустрийул. Татарстан, 20 · Казань",https://www.meetup.com/ru-RU/Kazan-Expert-Fridays-Meetups/events/255739079/
QA MeetUp,"Открываем регистрацию на QA MeetUp! Присоединяйтесь ;)Спикер #1АЛЕКСЕЙ ЧУМАГИН: Тестирование API с помощью Postman""Тестирование API становится популярным. И без специальных инстументов тут не обойтись. Всвоем докладе я познакомлю вас с одним из таких инструментов""Спикер #2ЧУКМАРОВ МАРАТ: Контекст в тестировании""Поговорим о том, почему неправильное определение контекста cвоей работы, методов и подходов ведет к фрустрации, своим велосипедам, неоднозначному отношению к тестировщикам и тестированию как таковому. Что делать, если не хочется писать тест-кейсы, почему мы склонны писать свои фреймворки для автотестов и стоит ли называть себя QA""Спикер #3АРТЁМ ТРЕПАЛИН: Asyncio в нагрузочном тестировании""Нагрузочное тестирование, как его приготовить? Ингредиенты: python, asyncio и немного aiohttp""Вход свободный, регистрация обязательна!Ждем тебя в ШТАБе (ул.Татарстан, 20) 8 июня в 19:00До встречи на митапе! ;)",8.06.2018,19:00 - 22:00 GMT+3,"ШТАБ: Резиденция креативных индустрийул. Татарстан, 20 · Казань",https://www.meetup.com/ru-RU/Kazan-Expert-Fridays-Meetups/events/251300549/
"International forum ItConf.ASIA: blockchain, digital learning & IT-technologies","The forum will consider blockchain, IT, iOt and AI technologies. The main topics will be blockchain, marketing, investment and digital education.ItConf.Asia is the series of global forums developing IT business and the people who works in it. 26 major speakers from 15 countries (Uzbekistan, Kazakhstan, Russia, China, South Korea, USA, etc.) will speak at the event.The purpose of the forum is live communication with International professionals in the IT industry. It will allow the audience to get tools for the development of projects, to build forecasts for the development of the blockchain sphere. Special emphasis will be placed on issues of investment, digital education in the IT segment and cases of existing technology projects. According to the project, the target audience are investors, executives, company owners, as well as employees of government organizations and government officials.The organizers of the forum are Okschain, decentralized financial system, and Terra Crypto, the specialized industry forum dedicated to digital mining. The forum’s partner is the Youth Union of Uzbekistan. According to the organizer, marketing director of IEO Agency and Okschain, Alexander Mamasidikov: “According to a PWC study, in 11 years 10-20% of global economic infrastructures will work on the blockchain. IT industry occupies a huge space. During the forum, we want to discuss its present and future, and determine the vector of development of the blockchain sphere for gaining knowledge and profit. ItConf.Asia is a like-minded environment. A place for partners, employers and investors.”Website: www.itconf.asiaContacts for partnership:Tel: [masked]Email: [masked]",16.11.2019,09:00 - 19:00 GMT+3,Tashkent · Tashkent,https://www.meetup.com/ru-RU/Kazan-Blockchain-Meetup-Group/events/266024353/
Go Study Innopolis Lesson 6,"GDG Cloud Innopolis при поддержке Avito.tech феврале 2020 проводит вводный курс в Go в Иннополисе.На шестом занятии разберём две темы:* Стандартная библиотека* Дальнейшие шаги🔥 Так же будет небольшой доклад в формате Tips & Tricks от Ивана Осадчего (Разрабочтик, юнит Monetization, Авито).🤓 Курс подойдёт для тебя если давно хотел познакомиться с языком, но всё никак не доходили руки. Мы ориентируемся больше на новичнов, но если ты имеешь за плечами опыт программирования и просто хочешь узнать о Go, то приходи тоже.🤓 Курс состоит из 6 занятий, которые будут проходить раз в неделю - в четверг с 18:30 до 20:00.🤓Занятия проведут: Эмиль Шарифуллин (senior-разработчик команды Moira в компании Контур, экс-разработчик RedHat)и Алик Хилажев (backend-разработчик, KazanExpress)🔥 Для активных участников приготовлены крутые подарки, так что это не только отличная возможность прокачаться свои знания языка, но и приятные подарки.🔥 Не забудь взять с собой ноутбук и зарядное утройство!",12.03.2020,18:30 - 20:30 GMT+3,Innopolis · Innopolis,https://www.meetup.com/ru-RU/GDG-Cloud-Innopolis/events/269298234/
"Форум ""ГДЕДЕНЬГИ?""","Форум ""ГДЕДЕНЬГИ?"" — форум по инвестициям, структурированию активов и созданию пассивного дохода.На форуме ""ГДЕДЕНЬГИ?"" вы сможете:- Из первых уст узнать тенденции развития финансовых рынков и создания пассивного дохода в 2019 году- Лично познакомиться со спикерами, лидерами мнений и договориться о спецпрограммах сотрудничества- Оказаться в кругу единомышленников, людей, которые интересуются инвестициями, развитием бизнеса, созданием инвестиционных коллаборацийМы Стремимся к открытому и насыщенному, конкурентному диалогу.Просим спикеров говорить не только про победы, но и про поражения.Выставка в рамках форума — важная точка формирования сбалансированного инвестиционного портфеля: мы стремимся привезти компании по всем заявленным темам, включая тех, кто не представлен в Алматы или в Казахстане вообще.Все спикеры доступны для общения и обмена опытом. На каждом форуме мы проводим дискуссии, часто острые.Впервые в Алматы мы проведём закрытый день для управляющих состояниями 1 млн $ и выше. Встреча будет носить формат ""off the record"".ПРЕДЛАГАЕМЫЕ ТЕМЫ ФОРУМА:- Принципы инвестирования- Индексное инвестирование- VIP банки.Какой банк премиального обслуживания действительно достоин вашего внимания.- Недвижимость в разных странах KZ, USA.- Создание инвестицию портфеля: finewine, арт и тд- Диверсификацией инвест портфеля по разным странам- Образование на всю жизнь: возврат инвестиций, локальное образование, в СНГ. MBA в поле. Стажировки. Почему зарабатывать/не уезжать в Казахстане.",19.11.2019,"09:00 - среда, 20 ноября 2019 г., 20:00 GMT+3",,https://www.meetup.com/ru-RU/Kazan-Blockchain-Meetup-Group/events/266224834/
Диалоги о Soft Skills,"Приветствуем всех! После небольшого перерыва мы возвращаемся!И начать мы решили с темы, которая почему-то частенько остаётся за кадром и никак не освещается. А тема эта soft skills - навыки взаимодействия и коммуникаций людей между собой. Как лучше выстроить взаимодействие в команде? Как правильно и четко доносить свои мысли до коллег? Какие различия есть в деловом общении внутри компаний США и России?Обо всём этом поговорим, в теплой дружеской обстановке в четверг 14 марта 19:00, кафе Облепиха(Пушкина 1/55а).",14.03.2019,19:00 - 20:00 GMT+3,"Pushkin St, 1Pushkin St, 1 · Казань",https://www.meetup.com/ru-RU/GDG-Kazan/events/259759115/
Приятное с полезным: чаепитие об андроиде!,"В это воскресенье, 23 декабря мы предлагаем встретиться в кафе Облепиха в 12:00 по мск. В формате неформальной встречи мы хотим обсудить различные интересные темы, которые вы выбрали!=)Вам есть что рассказать, или интересно послушать коллег? Приходите, пообщаемся! :)Формат: общение в кафе, нетворкинг. Длительность: 1.5 - 2 часа, а дальше ""как пойдет"" :))Дополнительную информацию можно уточнить здесь: https://vk.com/gdgkazan",23.12.2018,12:00 - 14:00 GMT+3,,https://www.meetup.com/ru-RU/GDG-Kazan/events/257380106/
Kazan Data Science Meetup,Очередная встреча нашего большого Data Science-комьюнитти. На этот раз митап пройдет в Иннополисе.Спикеры:1. Дмитрий Карасев (QuLab)Тема: Практическое применение Face Recognition2. Игорь Шульган (Университет Иннополис)Тема: Neural grammatical error correction modelsВкусная еда и живое общение гарантировано!Не пропустите!,17.03.2019,14:30 - 16:30 GMT+3,"TekhnoparkUniversitetskaya St, 7 · Innopolis",https://www.meetup.com/ru-RU/TechBar-Data-Science-Meetups/events/259395783/
Android Developers Meetup,"Update:Кремлёвская 21, вход со двора.Если заблудитесь - звоните [masked]Давненько не было митапов, правда? И мы продолжаем!Три доклада, время пообщаться, чай-печеньки. Что ещё нужно для хорошего вечера? :)* Марат Исхаков, Android разработчик @ TinkoffМарат выступит с докладом «Кинжал в ножны или как написать свой DI-контейнер на Kotlin»Современные разработчики зачастую пользуются широко распространенными фреймворками, являющимися де-факто стандартом и даже не представляют себе разработку без них. Но так ли они нам нужны?В своем докладе я поделюсь простыми рекомендациями о том, как уменьшить количество генерируемого Dagger-ом кода, а также расскажу как обойтись совсем без него, написав свой простой di-контейнер на kotlin.* Дмитрий Алексеенков, старший разработчик в X5, недавно переехал в Иннополис.Дмитрий готов поделиться своим опытом о многомодульности.Многомодульность в android. Есть опыт работы над проектом, который изначально дробили на модули для переиспользования в других проектах.* Артур Бадретдинов, Lead Android Engineer @ Vyng расскажет о контактах.Задумывались ли вы о том, как работают Контакты в Андроиде? В чём разница между Contact и RawContact, и как это всё превращается в список контактов пользователя, где телефон, skype и whatsapp сосуществуют рядом? Может, вы бы хотели добавить и своё приложение в этот список?И самое главное - почему на Stack Overflow столько вопросов о том, как же эта кухня работает? Приходите на доклад - разберёмся вместе.Своевременно о мероприятиях можно узнавать тут:https://t.me/gdgkazanИтак:Время: 19:0015 октябряМесто: Казань, Кремлёвская 21, офис компании Super Ego3-4 доклада + вкусняшки + networkingВам есть о чём рассказать? Присоединяйтесь к команде докладчиков, пишите организаторам группы или в комментах к посту.Увидимся на митапе! :)",15.10.2019,19:00 - 21:00 GMT+3,"Kremlyovskaya St, 21Kremlyovskaya St, 21 · Казань",https://www.meetup.com/ru-RU/GDG-Kazan/events/265281631/
[Мероприятие перенесено] Go Meetup Innopolis #1,"Привет всем 👋🦠 Ввиду ситуации с вирусом мы вынуждены сдвинуть дату митапа за 15 апреля.🦠 Относительно хорошая новость в том, что конференцию тоже перенесли, так что билет остаётся в силе.🦠 Дэдлайн по домашке тоже переносим, чтобы было чем заняться на карантине.Всем успехов, не болейте 🙂Первый Go митап в Иннополисе",19.03.2020,18:30 - 20:30 GMT+3,Innopolis · Innopolis,https://www.meetup.com/ru-RU/GDG-Cloud-Innopolis/events/268879130/
Hacktoberfest 2019 meetup,"Приглашаем на очную встречу, посвящённую Hacktoberfest 2019!Чем мы будем заниматься:- Помогать отправлять Pull Requests (PR) в Open-Source- Предлагать Open-Source проекты, которые нуждаются в вашем участии- Обсуждать свои Pull Requests в приятной компанииИнтересно будет и новичкам, и опытным - приходите!Важно: с собой рекомендуется брать ноутбук.## О HacktoberfestЕжегодный распределённый хакатон, в рамках которого требуется выслать несколько PR на GitHub, за что можно потом получить узнаваемые футболки и стикеры (погуглите, их реально высылают из США).Мы собираемся в коворкинге, чтобы помочь друг другу выполнить этот квест вместе. Новички найдут менторов, а меинтейнеры найдут потенциальных контрибьюторов.Подробнее по ссылке:- https://hacktoberfest.digitalocean.com/",9.10.2019,19:00 - 22:00 GMT+3,"Pushkin St, 54Pushkin St, 54 · Казань",https://www.meetup.com/ru-RU/GolangKazan/events/265409702/
DevDay 48,"Всем привет. В среду 18-ого декабря пройдет очередной митап. Условно его можно поделить 3 большие части:1. Организации будущего. Культура. Дуальное виденье. Бирюзовые организации.В рамках этой секции Анвар Туйкин расскажет про ТоpTal, а Игорь Катыков - про Тинькофф.2. Клавиатуры - необычное в привычном.Евгений Кацевман покажет какие еще бывают раскладки, кроме стандартной ""qwerty"", поделится опытом перехода на “Colеmak”, покажет графики изменения скорости печать, а Ринат Сабитов расскажет про ""клавиатурное железо"": клавиатуры нестандартные, “игровые”, “механические”, “олдскульные”.3. Чайные посиделки в баре :)Ждем всех в 19.00 в Телеграф Space (ул. Пушкина 54, 3 этаж)",18.12.2019,19:00 - 21:00 GMT+3,"Телеграф SpacePushkin St, 54/1 · Казань",https://www.meetup.com/ru-RU/DevDay-Kazan/events/267134585/
Hacktoberfest,"HacktoberFest!Совместно с GDG Kazan Golang (кстати, если вам интересно пообщаться с Go-разработчиками - присоединяйтесь) мы проведём вечер, отправляя пулл реквесты в open source проекты.Давно мечтали пополнить своё резюме вкладом в Open Source? Присоединяйтесь, мы поможем со стартом.Не знаете, с чего начать? Приходите обсудим.Новичок, и вообще не в курсе, что это за Open Source и с чем его едят? Расскажем.Итого, мы:1. Немного расскажем о движении Open Source2. Поможем выбрать проект для участия3. Если вы - maintainer такого проекта, сможете его представить4. Хакатон(чик) - 1,5-2 часа на то, чтобы начать пр и обсудить его с коллегами. Завершить можно будет уже дома.За 4 пр вы получите крутую футболку от Digital Ocean, они отправят 50,000 из Штатов :)Подробнее по ссылке:- https://hacktoberfest.digitalocean.com/",9.10.2019,19:00 - 21:00 GMT+3,"Pushkin St, 54Pushkin St, 54 · Казань",https://www.meetup.com/ru-RU/GDG-Kazan/events/265427686/
GolangConf,"Друзья!На носу долгожданная конференция GolangConf (https://golangconf.ru/2019).Если вы еще не купили билет, но планируете, самое время это сделать:нашему Go сообществу дают промокоды на скидку - Go_Community.Кроме того, мы разыгрываем бесплатные билеты на конференцию. Смотри подробности по ссылке: https://github.com/GolangKazan/golangconf2019-challenge.Не исключено, что на конференции вы также увидите от GolangKazan дополнительную активность (при поддержке организаторов).",7.10.2019,09:40 - 18:00 GMT+3,"EVENT-ХОЛЛ ""ИнфоПространство""1-Y Zachat'yevskiy Pereulok, 4 · Moskva",https://www.meetup.com/ru-RU/GolangKazan/events/265237707/
OpenStack Summit Vancouver,"Speakers who build and operate infrastructure from Google, JPMorgan Chase, Progressive Insurance and Target will share their experiences at the Vancouver Summit, May 21-24. Other notable speakers include AT&T, China Unicom, Hyper HQ, Oath Inc., Paddy Power Betfair, ARM, Verizon, Walmart, Wells Fargo and many more. (other options to include: China Mobile, University of Messina, China Railway)At the Summit, these sessions and use cases are organized around specific open infrastructure use cases including AI and machine learning; HPC; edge computing; NFV; container infrastructure; and public, private and multi-cloud strategies in addition to sessions focused on open source community. You can sort within the schedule to find sessions and speakers around each topic.Register and check the schedule at http://openstack.org/summit",21.05.2018,"09:00 - четверг, 24 мая 2018 г., 18:00 GMT+3","Vancouver Convention Centre - West1055 Canada Pl · Vancouver, BC",https://www.meetup.com/ru-RU/OpenStack-Russia-Kazan/events/249361663/
Go Study Innopolis Lesson 5,"GDG Cloud Innopolis при поддержке Avito.tech феврале 2020 проводит вводный курс в Go в Иннополисе.На пятом занятии разберём:* Пакеты и повторное использование кода* ТестированиеТак же будут небольшие доклады в формате Tips & Tricks от Вячеслава Бобика (Разработчик, юнит Messenger, Авито) и Сергея Иваненко (Support Systems developer, Avito).-----------------------------------------------------------------------------------------------Курс подойдёт для тебя если давно хотел познакомиться с языком, но всё никак не доходили руки. Мы ориентируемся больше на новичнов, но если ты имеешь за плечами опыт программирования и просто хочешь узнать о Go, то приходи тоже.Курс состоит из 6 занятий, которые будут проходить раз в неделю - в четверг с 18:30 до 20:00.Занятия проведут: Эмиль Шарифуллин (senior-разработчик команды Moira в компании Контур, экс-разработчик RedHat)и Алик Хилажев (backend-разработчик, KazanExpress)Для активных участников приготовлены крутые подарки, так что это не только отличная возможность прокачаться свои знания языка, но и приятные подарки.Не забудь взять с собой ноутбук и зарядное утройство!",5.03.2020,18:30 - 20:30 GMT+3,Innopolis · Innopolis,https://www.meetup.com/ru-RU/GDG-Cloud-Innopolis/events/269128333/
Космический Go митап #7,"Приглашаем всех желающих и любопытствующих на митап сообщества GolangKazan. Вас ждут интересные доклады и, конечно же, стикеры! :)Программа митапа:* Рисуем гоферов средствами стандартной библиотеки - Искандер Шарипов* Colly: обзор фреймворка для веб-скрейпинга на Go - Иоанна Шевчук* С чего начать писать тесты в Go? - Максим Голубев22-го сентября, с 16:00 до 18:00, ул Пушкина 54 (Телеграф Space).Внимание! Тех, кто принесёт с собой ноутбук, ждёт небольшой сюрприз. :)",22.09.2019,16:00 - 18:00 GMT+3,"Pushkin St, 54Pushkin St, 54 · Казань",https://www.meetup.com/ru-RU/GolangKazan/events/264819753/
Go Study Innopolis Lesson 4,"GDG Cloud Innopolis при поддержке Avito.tech феврале 2020 проводит вводный курс в Go в Иннополисе.На четвертом занятии разберём:Структуры и интерфейсыМногопоточностьТак же будет небольшой доклад в формате Tips & Tricks от Никиты Кондратьева (Разработчик, юнит SafeDeal, Авито).Курс подойдёт для тебя если давно хотел познакомиться с языком, но всё никак не доходили руки. Мы ориентируемся больше на новичнов, но если ты имеешь за плечами опыт программирования и просто хочешь узнать о Go, то приходи тоже.Курс состоит из 6 занятий, которые будут проходить раз в неделю - в четверг с 18:30 до 20:00.Занятия проведут: Эмиль Шарифуллин (senior-разработчик команды Moira в компании Контур, экс-разработчик RedHat)и Алик Хилажев (backend-разработчик, KazanExpress)Для активных участников приготовлены крутые подарки, так что это не только отличная возможность прокачаться свои знания языка, но и приятные подарки.Не забудь взять с собой ноутбук и зарядное утройство!",27.02.2020,18:30 - 20:30 GMT+3,Innopolis · Innopolis,https://www.meetup.com/ru-RU/GDG-Cloud-Innopolis/events/268974970/
Next ’19 Extended Kazan,"9 Апреля Google проводит конференцию Google Cloud Next, на которой будут сессии, посвящённые облачным технологиям.В честь данного события мы решили провести Google Cloud Study Jam, на котором сосредоточимся на теме Machine Learning - совместно пройдём несколько лаб для того, чтобы немного окунуться в эту тему.Все участники получат доступ к Google Qwiklabs, стоимостью $55+. Доступ на месяц позволит пройти и другие лабы (из 140), например, по Кубернетису или Cloud SQL.",27.04.2019,14:00 - 17:00 GMT+3,"Kazan Federal UniversityKremlevskaya, 35, building 2 · Казань",https://www.meetup.com/ru-RU/GDG-Kazan/events/260382382/
Go Study Innopolis Lesson 2,"GDG Cloud Innopolis при поддержке Avito.tech феврале 2020 проводит вводный курс в Go в Иннополисе.На втором занятии разберём управление потоком, массивы, срезы, карты.Курс подойдёт для тебя если давно хотел познакомиться с языком, но всё никак не доходили руки. Мы ориентируемся больше на новичнов, но если ты имеешь за плечами опыт программирования и просто хочешь узнать о Go, то приходи тоже.Курс состоит из 6 занятий, которые будут проходить раз в неделю - в четверг с 18:30 до 20:00.Занятия проведут: Эмиль Шарифуллин (senior-разработчик команды Moira в компании Контур, экс-разработчик RedHat)и Алик Хилажев (backend-разработчик, KazanExpress)Для активных участников приготовлены крутые подарки, так что это не только отличная возможность прокачаться свои знания языка, но и приятные подарки.Не забудь взять с собой ноутбук и зарядное утройство!",13.02.2020,18:30 - 20:00 GMT+3,Innopolis · Innopolis,https://www.meetup.com/ru-RU/GDG-Cloud-Innopolis/events/268532521/
Вечерний рефакторинг,"Всем привет! Мы пытаемся перезагрузить формат неформальных встреч и хотим запустить их под кодовом названием ""Вечерний рефакторинг"".Наш формат - это его отсутствие :) В неформальной обстановке, любой желающий может подготовить небольшой доклад, даже на 5-10 минут, связанный с Android, it, soft skills или о чем-нибудь еще, и рассказать его. Нет докладов на вечер? Всегда можно обсудить что-нибудь интересное :)Собираться будем чаще всего по вечарам. Первая такая встреча пройдет в понедельник 17 февраля в антикафе ""Баклажан"" (Островского 21), начнем в 19:00. Поговорим про Android compose и в целом про declarative ui. Приходите, пообщаемся!",17.02.2020,19:00 - 21:00 GMT+3,"Ulitsa Ostrovskogo, 21Ulitsa Ostrovskogo, 21 · Казань",https://www.meetup.com/ru-RU/GDG-Kazan/events/268679038/
Бермудский треугольник IT : Бизнес анализ - Тестирование - Техподдержка,"В пятницу 6 апреля, в 19:00 Ассоциация Выпускников ГРИНТ и Штаб приглашает всех желающих принять участие в открытой дискуссии на тему ""Бермудский треугольник IT : Бизнес-Анализ, Тестирование, Техническая поддержка"".▶ R&DОльга Стрижко - Программист, Meanotek AI""Опыт исследования нейросетвых моделей для языкового перевода в техническом ВУЗе Германии""▶ BAИван Госьков - Бизнес Аналитик, NetCracker Technology""Как разработать бизнес- требования к продукту с минимальным функционалом (MVP) в условиях методологии Agile"".▶ QAЗаляева Алия - Инженер-тестировщик, GDC (ICL Services)""Почему я «до сих пор» тестировщик.""▶ Tech SupportНикита Асланян - Системный администратор, GDC (ICL Services)""Повторение - злая мачеха учения. Процесс управления знаниями и его важность в сфере технической поддержки.""✔ Язык: Русский6 Апреля, 19:00.Бесплатная подача заявки на участие, требуется регистрация!• Что приносить?Позитивный настрой, проблемы и решения.",6.04.2018,19:00 - 21:00 GMT+3,"ШТАБ: Резиденция креативных индустрийул. Татарстан, 20 · Казань",https://www.meetup.com/ru-RU/TechBar-Техбар/events/248660272/
Go Study Innopolis,"В феврале 2020 стартуем вводный курс в Go.Курс подойдёт для тебя если давно хотел познакомиться с языком, но всё никак не доходили руки. Мы ориентируемся больше на новичнов, но если ты имеешь за плечами опыт программирования и просто хочешь узнать о Go, то приходи тоже.На первом занятии немного познакомимся с историей языка, разбрем переменные и типы и уже напишем первую программу на Go.Не забудь взять с собой ноутбук и зарядное утройство!",6.02.2020,18:30 - 20:00 GMT+3,Innopolis · Innopolis,https://www.meetup.com/ru-RU/GDG-Cloud-Innopolis/events/ldbnnrybcdbjb/
Data Science Meetup,"Первый в этом году Data Science Meetup.Расскажем про нейроинтерфейсы, детектирование эмоций из видео и распознавание дорожных столкновений.Cпикеры:— Михаил Бортников, Data Scientist в компании СКБ Контур— Алиса Газизуллина, студентка бакалавриата Университет Иннополис (4 курс, Data Science)— Булат Максудов, Университет Иннополис (brain-computer interface lab)Вход свободный по предварительной регистрации.Ссылка на регистрацию:https://provectus.com/events/kazan-data-science-meetup-2/Остались вопросы? Напиши мне!Надежда Князеваtelegram [masked]",10.02.2019,10:30 - 12:30 GMT+3,"Коворкинг ""Grow UP""ул. Айвазовского 3а · Казань",https://www.meetup.com/ru-RU/TechBar-Data-Science-Meetups/events/258466833/
Community Speedrun Challenge #1: BigQuery Basics for Data Analysts,"👋 Всем привет!⚡️В феврале проходит Community Speedrun Challenge.У вас есть возможность присоединиться к конкурсу, который проходит в сотрудничестве с Google Developers Group, Developer Student Clubs и другими техническими сообществами в Европе. Вы можете получить знания и практический опыт работы в различных темах, набирая очки и выигрывая призы. Всего будет четыре Speedrun`a.⚡️Speedrun - это игра, основанная на Qwiklabs, которая включает в себя различные лаборатораторные, которые нужно пройти как можно быстрее, чтобы набрать очки и попасть в таблицу лидеров.⚡️Если ты никогда не использовал платформу Qwiklabs и не был на наших Study Jam, то ничего страшного. Для тебя есть хорошие новости: каждый Speedrun начинается с вебинара, проводимого тренером Googler, чтобы вы могли ознакомиться с платформой. После вебинара у вас есть одна неделя, чтобы как можно быстрее выполнить все лабораторные работы в SpeedRun (вы можете попробовать каждую лабораторную работу пять раз).⚡️Для кого это онлайн обучение?Как вебинары, так и лабораторные занятия в Speedrun спроектированы так, чтобы как новички, так и более продвинутые пользователи могли получать удовольствие от обучения. Они включают в себя все необходимые объяснения, чтобы каждый мог сделать это в своем темпе.⚡️Как это работает?Каждый Speedrun начинается в понедельник и начинается с вебинара тренера Google [masked] (МСК)). Speedrun открыт до воскресенья той же недели, чтобы дать вам возможность закончить все лаборатории в лучшее время.⚡️Кроме того.Все участники получат месячную бесплатную подписку на Qwiklabs и получат значок за каждый выполненный ими Speedrun.Топ 5 каждого Speedrun получат ваучер на $ 25 для магазина товаров GoogleЛучший победитель каждого Speedrun получает дополнительный ваучер на $ 50 для магазина товаров Google.⚡️Первый Speedrun уже сегодня.Speedrun #1: BigQuery Basics for Data AnalystsLabs: Introduction to SQL for BigQuery and Cloud SQL, BigQuery: Qwik Start - Console, Predict Visitor Purchases with a Classification Model in BQML, Working with JSON, Arrays, and Structs in BigQuery.Вебинар проведёт Michael Abel (Google)Тема Introduction to SQL for BigQuery and Cloud SQLВремя 3 февраля,[masked]Сроки: 3 — 9 ФевраляПодробности и регистрация по ссылкеhttps://events.withgoogle.com/communityspeedrunchallenge/",3.02.2020,21:00 - 23:00 GMT+3,,https://www.meetup.com/ru-RU/GDG-Cloud-Innopolis/events/268420218/
Data Science Meetup,"Folks, we again organize the Data Science Meetup. It’s time dive into the Big Data!Join us!▶ Speech #1Stepan Pushkarev & Iskandar Sitdikov: Generative Adversarial Networks▶ Speech #2Rinat Gareev: Scammer Detection on Crowdsourcing PlatformsMicrotask crowdsourcing is a trade-off between budget, speed of getting results and their quality. It is a popular approach to quickly build a training dataset for machine learning. There are standard quality assurance mechanics on crowdsourcing platforms but they still might leave an opportunity for scamming. In this presentation I will talk about our experience in improving scammer detection, how to estimate fairness and proficiency of contributors using unsupervised machine learning models▶ Speech #3Pavel Borobov: Blend them all✔Language: RussianWhen?June, 17, 10:30 amFree admission, registration is required!Waiting for you in coworking GrowUp, Aivazovsky Str. 3aStill have questions? Write me!Tatyana KovalevaE-mail: [masked]Telegram: +7 (927)[masked]",17.06.2018,10:30 - 12:30 GMT+3,"Коворкинг ""Grow UP""ул. Айвазовского 3а · Казань",https://www.meetup.com/ru-RU/TechBar-Data-Science-Meetups/events/251303236/
KUBERNETES MEETUP,"Обсудим последние новости о развитии Kubernetes, обменяемся практическим опытом и пообщаемся в неформальной обстановке.Пиво и пиццу гарантируем!)Регистрация по ссылке: http://expertfridays.com",19.04.2019,19:00 - 21:00 GMT+3,"ШТАБ: Резиденция креативных индустрийул. Татарстан, 20 · Казань",https://www.meetup.com/ru-RU/Kazan-Expert-Fridays-Meetups/events/260244474/
Frontend Meetup,"Очередные посиделки Expert Fridays! На этот раз собираем Frontend.Спикеры:1. Павел Макаричев (Provectus)Microdata and AMP pages Semantic WEB2. Александр Чичигин (Positive Technologies)Fear and Loathing all the way down: Hybrid Mobile Development3. Кабиров Ильяс (iSpring, Йошкар-Ола)Использование Google Closure Compiler в современном фронтендеВкусная пицца и пиво традиционно))",15.03.2019,19:00 - 21:00 GMT+3,"ШТАБ: Резиденция креативных индустрийул. Татарстан, 20 · Казань",https://www.meetup.com/ru-RU/Kazan-Expert-Fridays-Meetups/events/259498026/
Machine Learning & Spark,"По вашим просьбам мы решили продолжить тему нашей прошлой встречи и решили немного углубиться в мир машинного обучения. Мы подготовили несколько докладов про сервинг/скоринг/инференсинг Spark, Scikit Learn, TF и других моделей. Расскажем как их деплоить в реальные приложения, масштабировать, стримить, мониторить и так далее.Организатор: ProvectusСпикеры:Eduard Dautov: ""ML Serving as a service""Bulat Lutfullin: ""Spark ML and TensorFlow Serving in production""За дополнительной информацией обращайся:Татьяна КовалеваE-mail: [masked]Skype: tkovaleva.1Тел: +7 (927)[masked]",3.12.2017,10:30 - 13:30 GMT+3,"Коворкинг ""Grow UP""ул. Айвазовского 3а · Казань",https://www.meetup.com/ru-RU/TechBar-Data-Science-Meetups/events/245181915/
Scala Meetup,"Первый митап Expert Fridays в 2019 году, посвященный Scala.Спикеры:1. VADIM CHELYSHOV, Typed-SQ2. OLEG DEGTEV, REST in peace? Попрактикуемся с graphQL3. ALBERT BIKEEV, Scala for complex event processingБудет интересно!",1.02.2019,19:00 - 21:00 GMT+3,"ShtabUlitsa Tatarstan, 20А · Казань",https://www.meetup.com/ru-RU/Kazan-Expert-Fridays-Meetups/events/258124291/
A-level Go meetup,"15:30-16:00 – Регистрация16:00-16:45 – Доклад 116:50-17:35 – Доклад 217:35-18:10 – Кофе-брейк / Обед18:10-18:55 – Доклад 319:00-19:45 – Доклад 420:00 – AfterpartyДоклады:* Филипп Кулин (Дремучий лес) расскажет о граблях при работе с XML.* Илья Данилкин (Авито) расскажет о gopls (Go language server).* Веденина Тамара (Ozon) расскажет о SQL миграциях в Go.* Алик Хилажев (Marketplace Technologies) расскажет о Drone.io.После митапа вас ждёт afterparty, так что не торопитесь уходить! :)Следите за обновлениями в https://vk.com/GolangKazanСмотрите прямую трансляцию митапа на канале AvitoTech в ютубе: https://www.youtube.com/c/avitotech----Благодарим за помощь с организацией митапа команду AvitoTech, которая помогла нам привезти спикеров из других городов и организовать прямую трансляцию.",8.02.2020,15:30 - 19:45 GMT+3,"Ulitsa Tatarstan, 20Ulitsa Tatarstan, 20 · Казань",https://www.meetup.com/ru-RU/GolangKazan/events/267773586/
Go online Quiz,"Онлайн викторина по Go.1. Подключайтесь к каналу https://t.me/GolangKazan (*)2. Будьте онлайн ко времени начала.3. Пройдите по ссылке на Quiz, которую мы опубликуем в наших каналах.4. Ответьте на вопросы из Quiz. (**)5. Несколько участников получат подарки.Кроме top-3 подарки также будут вручены 2 случайным участникам.Получить подарок можно будет лично на митапе 8-го февраля в Казани.Как только Quiz будет завершён, мы опубликуем все ответы вместе с их разбором.(*) Если не используете телеграм, тогда следите за новостями в https://vk.com/GolangKazan(**) Quiz будет открыт только ~1 час.",18.01.2020,19:00 - 20:00 GMT+3,,https://www.meetup.com/ru-RU/GolangKazan/events/267773346/
Tech speaking club #golang v2.0,"Вторая встреча в экспериментальном формате разговорного (дискуссионного) клуба.Место: Launchpad, Пушкина 46, 4 этажМы будем сидеть в небольших группах и обсуждать предложенные темы. У каждого будет возможность послушать и высказаться.Приходите если даже вы не знакомы с языком программирования Go!Ноутбуки брать с собой не обязательно, но с ними всегда веселее. :)P.S. - свои темы для обсуждения приносить разрешается и приветствуется. Формат очень свободный.",21.12.2019,18:00 - 20:00 GMT+3,"Pushkin St, 46Pushkin St, 46 · Казань",https://www.meetup.com/ru-RU/GolangKazan/events/267083552/
[Мероприятие перенесено] Women TechMakers Innopolis - International Women's Day,"Привет всем 👋🦠 Ввиду ситуации с вирусом мы вынуждены сдвинуть дату мероприятия за 15 апреля.Всем успехов, не болейте 🙂Come join us at Women Techmakers 2020 Innopolis!Google's Women Techmakers program provides visibility, community, and resources for women in technology. If you'd like to learn more about WTM, feel free to visit https://www.womentechmakers.com. If you're not already a member, be sure to sign up on the membership page!We're marking the event with some light food and beverages, networking time, an introductory talk, and a panel of women in tech that will be there to share their experiences. We look forward to seeing you there!Event agenda, registration form and more details will soon available to public on this page.Event is free of charge!International Women's Day — глобальная серия мероприятий Google, призванных отметить достижения девушек в ИТ-сфере по всему миру. В этот день тебя ждут вдохновляющие знакомства и заряжающее энергией общение.Women Techmakers — международная программа Google для женщин, работающих или интересующихся сферой ИТ. Цель движения — помочь девушкам найти себя в этой сфере, дать необходимые ресурсы и знания, создать площадку для обмена опытом.Почему стоит провести 22 марта с нами?В течение дня ты сможешь не только послушать крутые доклады, но и стать активным участником действия. Помимо докладов, мы подготовили 2 практических воркшопа и небольшое соревнование для участников.Вход свободный!",22.03.2020,11:00 - 17:00 GMT+3,"Technopark A.S. PopovaUniversitetskaya St, 7 · Innopolis",https://www.meetup.com/ru-RU/GDG-Cloud-Innopolis/events/268626185/
